PAYMENT_ID,CUSTOMER_NAME,PAYMENT_METHOD,PAYMENT_DATE,ENQUIRY_ID
P101,Emily Harris,Card,25-01-2022,E101
P102,Olivia Johnson,Cash,29-01-2022,E103
P103,Ava Jones,UPI,31-01-2022,E105
P104,James Miller,UPI,02-02-2022,E106
P105,Benjamin Wilson,Card,03-02-2022,E108
P106,Elijah Taylor,Cash,08-02-2022,E110
P107,Alexander Thomas,UPI,14-02-2022,E112
P108,Daniel White,Card,26-02-2022,E114
P109,Lily Harris,Cash,27-02-2022,E115
P110,Grace Lee,Cash,01-03-2022,E117
P111,Aria Adams,Card,03-03-2022,E119
P112,Lucas King,Cash,04-03-2022,E120
P113,Matthew Hall,UPI,08-03-2022,E122
P114,Jack Perez,UPI,13-03-2022,E124
P115,Ella Rodriguez,Card,14-03-2022,E125
P116,Scarlett Nelson,Cash,15-03-2022,E127
P117,Sophia Mitchell,UPI,20-03-2022,E129
P118,Ethan Martinez,Card,27-03-2022,E130
P119,Logan Lewis,Cash,30-03-2022,E132
P120,Nathaniel Allen,Cash,04-04-2022,E134
P121,Zoey Wright,Card,06-04-2022,E135
P122,Layla Harris,Cash,10-04-2022,E137
P123,Gabriel King,UPI,16-04-2022,E138
P124,Isaac Walker,UPI,19-04-2022,E140
P125,Caleb Parker,Card,27-04-2022,E142
P126,Abigail Evans,Cash,28-04-2022,E143
P127,Emily Harris,UPI,04-05-2022,E145
P128,Ryan Carter,Card,07-05-2022,E146
P129,Julian Rivera,Cash,12-05-2022,E148
P130,Daniel Gonzalez,Cash,15-05-2022,E150
P131,Henry Young,Card,19-05-2022,E151
P132,Owen Perez,Cash,22-05-2022,E153
P133,Samuel Williams,UPI,29-05-2022,E155
P134,Aurora Campbell,UPI,04-06-2022,E156
P135,Grace Johnson,Card,08-06-2022,E158
P136,Ellie Martin,Cash,09-06-2022,E160
P137,Miles Green,UPI,10-06-2022,E161
P138,Abigail Anderson,Card,17-06-2022,E163
P139,Dominic Foster,Cash,23-06-2022,E164
P140,Chloe Wright,Cash,25-06-2022,E166
P141,Sophia Young,Card,29-06-2022,E168
P142,Evan Hill,Cash,01-07-2022,E169
P143,Jackson Walker,UPI,06-07-2022,E171
P144,Benjamin Mitchell,UPI,13-07-2022,E173
P145,Lily Harris,Card,13-07-2022,E174
P146,Nora Lewis,Cash,17-07-2022,E176
P147,Lily Harris,UPI,20-07-2022,E178
P148,Charlotte Young,Card,21-07-2022,E179
P149,Ethan Young,Cash,28-07-2022,E181
P150,Henry Wright,Cash,28-07-2022,E182
P151,Mia Johnson,Card,10-08-2022,E184
P152,Amelia King,Cash,14-08-2022,E186
P153,Ava Perez,UPI,15-08-2022,E187
P154,Elijah Green,UPI,18-08-2022,E189
P155,Ella Young,Card,24-08-2022,E191
P156,Matthew Lewis,Cash,25-08-2022,E192
P157,Logan Perez,UPI,30-08-2022,E194
P158,Lucy Wright,Card,02-09-2022,E195
P159,Daniel Harris,Cash,08-09-2022,E197
P160,Liam Mitchell,Cash,14-09-2022,E199
P161,Amelia Taylor,Card,17-09-2022,E200
P162,Caleb Evans,Cash,25-09-2022,E202
P163,Emily King,UPI,26-09-2022,E203
P164,Joseph Harris,UPI,29-09-2022,E205
P165,Alexis Lee,Card,01-10-2022,E206
P166,Sophia Walker,Cash,08-10-2022,E208
P167,Daniel Wright,UPI,10-10-2022,E210
P168,Owen Scott,Card,17-10-2022,E211
P169,Ella King,Cash,23-10-2022,E213
P170,Zachary Allen,Cash,24-10-2022,E214
P171,Samuel King,Card,25-10-2022,E216
P172,Noah Lee,Cash,03-11-2022,E218
P173,Mia Mitchell,UPI,07-11-2022,E219
P174,Ethan Harris,UPI,08-11-2022,E221
P175,Jacob Harris,Card,12-11-2022,E223
P176,Daniel Green,Cash,13-11-2022,E224
P177,Jack Young,UPI,20-11-2022,E226
P178,Lily Robinson,Card,22-11-2022,E227
P179,Sophia Harris,Cash,26-11-2022,E229
P180,Leo Thomas,Cash,26-11-2022,E230
P181,Elizabeth Walker,Card,29-11-2022,E232
P182,Ella Harris,Cash,02-12-2022,E234
P183,Amelia Walker,UPI,04-12-2022,E235
P184,Owen Perez,UPI,06-12-2022,E237
P185,Zachary Martinez,Card,10-12-2022,E239
P186,Caleb Wright,Cash,12-12-2022,E240
P187,Lily Thomas,UPI,18-12-2022,E242
P188,Abigail Harris,Card,30-12-2022,E243
P189,Olivia Anderson,Cash,04-01-2023,E245
P190,Matthew Harris,Cash,10-01-2023,E247
P191,Natalie Clark,Card,11-01-2023,E248
P192,Zachary Perez,Cash,15-01-2023,E250
P193,Evan Mitchell,UPI,16-01-2023,E251
P194,Isaac Martinez,UPI,28-01-2023,E253
P195,Charlotte Walker,Card,28-01-2023,E254
P196,Victoria Young,Cash,02-02-2023,E256
P197,Lucy Thomas,UPI,10-02-2023,E258
P198,Evan Lee,Card,11-02-2023,E259
P199,Nora Harris,Cash,15-02-2023,E261
P200,Amelia Wright,Cash,16-02-2023,E263
P201,Wyatt Young,Card,17-02-2023,E264
P202,Madison Lee,Cash,22-02-2023,E266
P203,Lily Brown,UPI,28-02-2023,E268
P204,Scarlett Thomas,UPI,28-02-2023,E269
P205,Emily Green,Card,03-03-2023,E271
P206,Abigail Young,Cash,05-03-2023,E272
P207,Chloe Brown,UPI,08-03-2023,E274
P208,Ella Martinez,Card,09-03-2023,E276
P209,Henry Walker,Cash,10-03-2023,E277
P210,Isabella Wright,Cash,11-03-2023,E279
P211,Liam Lewis,Card,13-03-2023,E280
P212,Grace White,Cash,21-03-2023,E282
P213,Mia King,UPI,24-03-2023,E284
P214,Samuel Martinez,UPI,25-03-2023,E285
P215,Jack Young,Card,31-03-2023,E287
P216,Lucy Perez,Cash,02-04-2023,E288
P217,Evan Walker,UPI,05-04-2023,E290
P218,Ava Lewis,Card,09-04-2023,E292
P219,Leah Scott,Cash,10-04-2023,E293
P220,Olivia Perez,Cash,11-04-2023,E295
P221,Lily Walker,Card,12-04-2023,E296
P222,Ethan Green,Cash,19-04-2023,E298
P223,Lucy King,UPI,20-04-2023,E299
P224,Jack Green,UPI,21-04-2023,E301
P225,Owen Walker,Card,26-04-2023,E303
P226,Isabella Lee,Cash,27-04-2023,E304
P227,Victoria Robinson,UPI,01-05-2023,E306
P228,Chloe Harris,Card,03-05-2023,E307
P229,Lucy Martinez,Cash,05-05-2023,E309
P230,Noah Anderson,Cash,07-05-2023,E311
P231,Ella Green,Card,08-05-2023,E312
P232,Zachary White,Cash,10-05-2023,E314
P233,Liam Perez,UPI,13-05-2023,E316
P234,Abigail Scott,UPI,13-05-2023,E317
P235,Joseph Thomas,Card,17-05-2023,E319
P236,Nora Lee,Cash,18-05-2023,E320
P237,Isabella Young,UPI,27-05-2023,E322
P238,Victoria White,Card,28-05-2023,E323
P239,Samuel White,Cash,31-05-2023,E325
P240,Lucy Anderson,Cash,02-06-2023,E327
P241,Owen Walker,Card,03-06-2023,E328
P242,James Harris,Cash,06-06-2023,E330
P243,Mia White,UPI,06-06-2023,E331
P244,Jack Thomas,UPI,11-06-2023,E333
P245,Grace Martinez,Card,13-06-2023,E334
P246,Olivia Green,Cash,17-06-2023,E336
P247,Leo Walker,UPI,20-06-2023,E337
P248,Lucy Young,Card,26-06-2023,E339
P249,Zachary Green,Cash,27-06-2023,E340
P250,Caleb Walker,Cash,03-07-2023,E342
P251,Samuel Brown,Card,05-07-2023,E344
P252,Nathaniel Thomas,Cash,08-07-2023,E345
P253,Ava White,UPI,19-07-2023,E347
P254,Charlotte Thomas,UPI,21-07-2023,E348
P255,James Green,Card,22-07-2023,E350
P256,Ryan Perez,Cash,25-07-2023,E351
P257,Olivia Thomas,UPI,27-07-2023,E353
P258,Daniel Harris,Card,28-07-2023,E354
P259,Lucy Harris,Cash,03-08-2023,E356
P260,Leah White,Cash,06-08-2023,E358
P261,Leo Young,Card,07-08-2023,E359
P262,Nathaniel Harris,Cash,09-08-2023,E361
P263,Emily White,UPI,12-08-2023,E362
P264,Abigail Thomas,UPI,14-08-2023,E364
P265,Mia Thomas,Card,27-08-2023,E366
P266,Isaac Green,Cash,29-08-2023,E367
P267,Leo Harris,UPI,01-09-2023,E369
P268,Olivia King,Card,03-09-2023,E370
P269,Caleb White,Cash,10-09-2023,E372
P270,Ella Walker,Cash,16-09-2023,E373
P271,Lily White,Card,21-09-2023,E375
P272,Natalie Young,Cash,23-09-2023,E377
P273,Grace Green,UPI,25-09-2023,E378
P274,Emily Thomas,UPI,02-10-2023,E380
P275,Benjamin White,Card,02-10-2023,E381
P276,Zoe Green,Cash,04-10-2023,E383
P277,Daniel White,UPI,06-10-2023,E384
P278,Abigail Green,Card,11-10-2023,E386
P279,Ethan Harris,Cash,13-10-2023,E387
P280,Leo Harris,Cash,18-10-2023,E389
P281,Abigail Thomas,Card,26-10-2023,E391
P282,Mason King,Cash,30-10-2023,E392
P283,Olivia Brown,UPI,31-10-2023,E394
P284,Jack King,UPI,02-11-2023,E395
P285,Abigail Harris,Card,05-11-2023,E397
P286,Victoria Thomas,Cash,10-11-2023,E398
P287,Samuel Brown,UPI,11-11-2023,E400
P288,Daniel Green,Card,14-11-2023,E401
P289,Chloe King,Cash,17-11-2023,E403
P290,Abigail White,Cash,19-11-2023,E404
P291,Zachary Brown,Card,22-11-2023,E406
P292,Zoe Harris,Cash,24-11-2023,E408
P293,Jack Harris,UPI,28-11-2023,E409
P294,Zachary Thomas,UPI,01-12-2023,E411
P295,Samuel Green,Card,03-12-2023,E413
P296,Jacob Walker,Cash,03-12-2023,E414
P297,Ryan Harris,UPI,08-12-2023,E416
P298,Mia Walker,Card,09-12-2023,E417
P299,Lily Green,Cash,11-12-2023,E419
P300,Jack Perez,Cash,11-12-2023,E420
P301,Samuel Young,Card,13-12-2023,E422
P302,Benjamin Perez,Cash,17-12-2023,E423
P303,Emma Brown,UPI,20-12-2023,E425
P304,Liam Green,UPI,21-12-2023,E426
P305,Daniel White,Card,25-12-2023,E428
P306,Lucas Young,Cash,26-12-2023,E429
P307,Olivia Harris,UPI,29-12-2023,E431
P308,Victoria Green,Card,30-12-2023,E432
P309,Benjamin Harris,Cash,02-01-2024,E434
P310,Samuel Green,Cash,04-01-2024,E435
P311,Lily Brown,Card,06-01-2024,E437
P312,Owen Thomas,Cash,08-01-2024,E438
P313,Grace Young,UPI,12-01-2024,E440
P314,Nathaniel Brown,UPI,12-01-2024,E441
P315,Chloe Green,Card,15-01-2024,E443
P316,Emily Walker,Cash,19-01-2024,E445
P317,Samuel King,UPI,20-01-2024,E446
P318,Ella White,Card,23-01-2024,E448
P319,Leo Green,Cash,24-01-2024,E449
P320,James White,Cash,27-01-2024,E451
P321,Lily Thomas,Card,27-01-2024,E452
P322,Lucas Brown,Cash,01-02-2024,E454
P323,Emma Harris,UPI,06-02-2024,E455
P324,Abigail King,UPI,08-02-2024,E457
P325,Samuel Perez,Card,09-02-2024,E458
P326,Olivia Brown,Cash,18-02-2024,E460
P327,Chloe White,UPI,19-02-2024,E461
P328,Logan Harris,Card,21-02-2024,E463
P329,Logan Brown,Cash,24-02-2024,E465
P330,Victoria Harris,Cash,25-02-2024,E466
P331,Natalie Young,Card,28-02-2024,E468
P332,Olivia Thomas,Cash,01-03-2024,E469
P333,Zoe Walker,UPI,06-03-2024,E471
P334,Emily Green,UPI,11-03-2024,E472
P335,Abigail Young,Card,16-03-2024,E474
P336,Lucy Perez,Cash,18-03-2024,E476
P337,Lily Young,UPI,19-03-2024,E477
P338,Grace Brown,Card,22-03-2024,E479
P339,Emma King,Cash,24-03-2024,E480
P340,Abigail Green,Cash,26-03-2024,E482
P341,Lily White,Card,26-03-2024,E483
P342,Zachary Green,Cash,28-03-2024,E485
P343,Lily Young,UPI,01-04-2024,E486
P344,Abigail Green,UPI,07-04-2024,E488
P345,Zachary White,Card,13-04-2024,E490
P346,Zoe Green,Cash,14-04-2024,E491
P347,Emily Young,UPI,15-04-2024,E493
P348,Olivia Green,Card,16-04-2024,E494
P349,Jack Brown,Cash,20-04-2024,E496
P350,Ethan Brown,Cash,20-04-2024,E497
P351,Benjamin Green,Card,23-04-2024,E499
P352,Chloe Harris,Cash,24-04-2024,E500
P353,Emily Brown,UPI,29-04-2024,E502
P354,Zachary Harris,UPI,01-05-2024,E503
P355,Jack Brown,Card,05-05-2024,E505
P356,Sophia White,Cash,11-05-2024,E506
P357,Lily White,UPI,18-05-2024,E508
P358,Lucas Walker,Card,21-05-2024,E510
P359,James White,Cash,23-05-2024,E511
P360,Lucy White,Cash,25-05-2024,E513
P361,Benjamin King,Card,26-05-2024,E514
P362,Lily Green,Cash,03-06-2024,E516
P363,Jack White,UPI,04-06-2024,E517
P364,Nathaniel Green,UPI,16-06-2024,E519
P365,Zoe Green,Card,19-06-2024,E520
P366,Logan Green,Cash,22-06-2024,E522
P367,Grace King,UPI,26-06-2024,E523
P368,Daniel White,Card,30-06-2024,E525
P369,Victoria King,Cash,02-07-2024,E526
P370,Isabella Green,Cash,09-07-2024,E528
P371,Lily Brown,Card,10-07-2024,E529
P372,Ryan Walker,Cash,14-07-2024,E531
P373,Olivia Green,UPI,15-07-2024,E532
P374,Zoe Harris,UPI,18-07-2024,E534
P375,Jack Thomas,Card,23-07-2024,E535
P376,Grace Green,Cash,26-07-2024,E537
P377,Lily King,UPI,29-07-2024,E538
P378,Zachary Young,Card,01-08-2024,E540
P379,Ethan Thomas,Cash,02-08-2024,E541
P380,Amelia White,Cash,04-08-2024,E543
P381,Logan Harris,Card,05-08-2024,E544
P382,Ethan White,Cash,06-08-2024,E546
P383,Zoe Thomas,UPI,09-08-2024,E547
P384,Olivia King,UPI,11-08-2024,E549
P385,Samuel Brown,Card,12-08-2024,E550
P386,Daniel Thomas,Cash,17-08-2024,E552
P387,Owen White,UPI,20-08-2024,E553
P388,Grace Thomas,Card,21-08-2024,E555
P389,Mia Harris,Cash,28-08-2024,E556
P390,Logan Thomas,Cash,06-09-2024,E558
P391,Lily Brown,Card,09-09-2024,E559
P392,Nathaniel Green,Cash,10-09-2024,E561
P393,Lucy Walker,UPI,11-09-2024,E562
P394,Samuel Green,UPI,15-09-2024,E564
P395,Victoria Green,Card,19-09-2024,E565
P396,Amelia Green,Cash,27-09-2024,E567
P397,Zachary Harris,UPI,28-09-2024,E568
P398,Ethan White,Card,08-10-2024,E570
P399,Natalie White,Cash,14-10-2024,E571
P400,Daniel Walker,Cash,22-10-2024,E573
P401,Leah Brown,Card,25-10-2024,E574
P402,Noah Green,Cash,26-10-2024,E576
P403,Abigail Green,UPI,27-10-2024,E577
P404,Victoria Green,UPI,04-11-2024,E579
P405,Jack Brown,Card,05-11-2024,E580
P406,Zoe Green,Cash,17-11-2024,E582
P407,Olivia Thomas,UPI,18-11-2024,E583
P408,Lily Walker,Card,27-11-2024,E585
P409,Abigail White,Cash,04-12-2024,E586
P410,Zachary Walker,Cash,15-12-2024,E588
P411,Samuel Green,Card,15-12-2024,E589
P412,Daniel Green,Cash,24-12-2024,E591
P413,Zoe Green,UPI,27-12-2024,E592
P414,Lily King,UPI,28-12-2024,E594
P415,Abigail King,Card,31-12-2024,E595
P416,Jack Green,Cash,11-01-2025,E597
P417,Olivia Green,UPI,17-01-2025,E598
P418,Ethan White,Card,22-01-2025,E600
